Target_genes	ID1|Average	SRX359938|LoVo	STRING
MTRNR2L8	1161.000000	1161	0
MTRNR2L2	862.000000	862	0
RGPD2	725.000000	725	0
RGPD1	725.000000	725	0
MTRNR2L9	322.000000	322	0
MTRNR2L10	285.000000	285	0
MTRNR2L1	113.000000	113	0
